Class ID,Preferred Label,Synonyms,Definitions,Obsolete,CUI,Semantic Types,Parents
http://purl.obolibrary.org/obo/CVDO_0000281,part of atrial myocardium with impaired conduction,,,FALSE,,,http://purl.obolibrary.org/obo/OGMS_0000045
http://purl.obolibrary.org/obo/FMA_9462,FMA_9462,,,FALSE,,,
http://purl.obolibrary.org/obo/FMA_63194,FMA_63194,,,FALSE,,,
http://purl.obolibrary.org/obo/DOID_6000,DOID_6000,,A disease characterized by the inability of the heart to pump a sufficient amount of blood throughout the body.,FALSE,,,http://purl.obolibrary.org/obo/OGMS_0000031
http://purl.obolibrary.org/obo/CVDO_0000168,retrograd blood flow through mitral valve during left ventricular systole,,,FALSE,,,http://purl.obolibrary.org/obo/CVDO_0000182
http://purl.obolibrary.org/obo/DOID_0000405,DOID_0000405,,,FALSE,,,http://purl.obolibrary.org/obo/CVDO_0000267
http://purl.obolibrary.org/obo/DOID_224,DOID_224,,A brain ischemia that is part of a transient disease course.,FALSE,,,http://purl.obolibrary.org/obo/DOID_2316
http://purl.obolibrary.org/obo/CVDO_0000508,coronary heart disease with stable angina,,A coronary heart disease leading to stable angina.,FALSE,,,http://purl.obolibrary.org/obo/DOID_3393
http://purl.obolibrary.org/obo/DOID_799,DOID_799,,,FALSE,,,http://purl.obolibrary.org/obo/CVDO_0000267
http://purl.obolibrary.org/obo/CVDO_0000422,degenerated structure in a mitral valve leaflet,,A disorder of degenerated structure in a mitral valve leaflet.,FALSE,,,http://purl.obolibrary.org/obo/CVDO_0000420
http://purl.obolibrary.org/obo/DOID_3572,DOID_3572,,A thrombosis that occurs in a dural venous sinus.,FALSE,,,
http://purl.obolibrary.org/obo/DOID_3454,DOID_3454,,An infarction occurring in the brain.,FALSE,,,http://purl.obolibrary.org/obo/CVDO_0000276
http://purl.obolibrary.org/obo/FMA_50723,FMA_50723,,,FALSE,,,
http://purl.obolibrary.org/obo/CVDO_0000182,retrograd blood flow through a heart valve,,,FALSE,,,http://purl.obolibrary.org/obo/CVDO_0000279
http://purl.obolibrary.org/obo/DOID_8805,DOID_8805,,A coronary heart disease with an acute disease course.,FALSE,,,http://purl.obolibrary.org/obo/DOID_3393
http://purl.obolibrary.org/obo/CVDO_0000052,bundle of Kent,,,FALSE,,,http://purl.obolibrary.org/obo/CVDO_0000463
http://purl.obolibrary.org/obo/CVDO_0000035,viral pericarditis,,A pericarditis caused by a viral infection.,FALSE,,,http://purl.obolibrary.org/obo/CVDO_0000033
http://purl.obolibrary.org/obo/CVDO_0000412,inflammation process in a vein,,An inflammation process occurring in a vein.,FALSE,,,http://purl.obolibrary.org/obo/CVDO_0000403
http://purl.obolibrary.org/obo/CVDO_0000522,left ventricular diastole,,,FALSE,,,http://purl.obolibrary.org/obo/CVDO_0000519
http://purl.obolibrary.org/obo/FMA_7280,FMA_7280,,,FALSE,,,
http://purl.obolibrary.org/obo/DOID_13834,DOID_13834,,,FALSE,,,http://purl.obolibrary.org/obo/CVDO_0000154
http://purl.obolibrary.org/obo/CVDO_0000499,mitral valve disorder,,A disorder always located in the mitral valve.,FALSE,,,http://purl.obolibrary.org/obo/OGMS_0000045
http://purl.obolibrary.org/obo/CVDO_0000489,ventricular tachyarrhythmia (process),,,FALSE,,,http://purl.obolibrary.org/obo/CVDO_0000445
http://purl.obolibrary.org/obo/CVDO_0000599,coronary artery pathological process,,,FALSE,,,http://purl.obolibrary.org/obo/OGMS_0000061
http://purl.obolibrary.org/obo/CVDO_0000172,aortic valve improper close during left ventricular diastole,,,FALSE,,,http://purl.obolibrary.org/obo/CVDO_0000210
http://purl.obolibrary.org/obo/DOID_57,DOID_57,,A disease in which an abnormal structure in an aortic valve prevents it to close propertly during diastole. occasioning a retrograd blood flow through the valve.,FALSE,,,http://purl.obolibrary.org/obo/OGMS_0000031
http://purl.obolibrary.org/obo/CVDO_0000512,unstable angina pectoris,,"An angina that worsens. It has at least one of these three features:1. it occurs at rest (or with minimal exertion). usually lasting >10 min2. it is severe and of new onset (i.e.. within the prior 4â€“6 weeks)3. it occurs with a crescendo pattern (i.e.. distinctly more severe. prolonged. or frequent than before).",FALSE,,,http://purl.obolibrary.org/obo/CVDO_0000510
http://purl.obolibrary.org/obo/DOID_178,DOID_178,,A disease affecting a blood vessel.,FALSE,,,http://purl.obolibrary.org/obo/OGMS_0000031
http://purl.obolibrary.org/obo/DOID_118,DOID_118,,,FALSE,,,http://purl.obolibrary.org/obo/OGMS_0000031
http://purl.obolibrary.org/obo/FMA_45840,FMA_45840,,,FALSE,,,
http://purl.obolibrary.org/obo/CVDO_0000420,degenerated structure in a heart valve leaflet,,A disorder of degenerated structure in a heart valve leaflet.,FALSE,,,http://purl.obolibrary.org/obo/OGMS_0000045
http://purl.obolibrary.org/obo/CVDO_0000403,pathological inflammation process,,A pathological process of an organ or part of organ getting inflamed.,FALSE,,,http://purl.obolibrary.org/obo/OGMS_0000061
http://purl.obolibrary.org/obo/CVDO_0000530,heart valve leaflet displacement into a cardiac chamber,,A pathological process of a heart valve being displaced into a cardiac chamber.,FALSE,,,http://purl.obolibrary.org/obo/CVDO_0000210
http://purl.obolibrary.org/obo/CVDO_0000310,cardiac arrhythmia (process),,A pathological process involving the electrical activity of the heart.,FALSE,,,http://purl.obolibrary.org/obo/CVDO_0000534
http://purl.obolibrary.org/obo/DOID_326,DOID_326,,A pathological process of restriction in blood supply to tissues. causing a shortage of oxygen and glucose needed for cellular metabolism.,FALSE,,,http://purl.obolibrary.org/obo/OGMS_0000061
http://purl.obolibrary.org/obo/CVDO_0000062,Mobitz I second degree sinoatrial block (disease),Wenckebach block,,FALSE,,,http://purl.obolibrary.org/obo/DOID_10273
http://purl.obolibrary.org/obo/CVDO_0000045,Mobitz I second degree atrioventricular block (disease),,,FALSE,,,http://purl.obolibrary.org/obo/DOID_10273
http://purl.obolibrary.org/obo/CVDO_0000532,blood in the pericardial cavity,,A disorder of blood in the pericardial cavity.,FALSE,,,http://purl.obolibrary.org/obo/CVDO_0000531
http://purl.obolibrary.org/obo/DOID_11713,DOID_11713,,,FALSE,,,http://purl.obolibrary.org/obo/CVDO_0000231
http://purl.obolibrary.org/obo/CVDO_0000407,inflammation process in aorta,,An inflammation process occurring in the aorta.,FALSE,,,http://purl.obolibrary.org/obo/CVDO_0000403
http://purl.obolibrary.org/obo/CVDO_0000517,heart valve leaflet displacement into a cardiac chamber during ventricular diastole,,,FALSE,,,http://purl.obolibrary.org/obo/CVDO_0000530
http://purl.obolibrary.org/obo/DOID_8514,DOID_8514,,A cor pulmonale that has an acute disease course during which the right ventricle becomes dilated.,FALSE,,,http://purl.obolibrary.org/obo/DOID_8515
http://purl.obolibrary.org/obo/CVDO_0000277,pulmonary valve leaflet displacement into the right ventricle during right ventricular diastole,,,FALSE,,,http://purl.obolibrary.org/obo/CVDO_0000530
http://purl.obolibrary.org/obo/BFO_0000140,continuant fiat boundary,,b is a continuant fiat boundary = Def. b is an immaterial entity that is of zero. one or two dimensions and does not include a spatial region as part. (axiom label in BFO2 Reference: [029-001]),FALSE,,,http://purl.obolibrary.org/obo/BFO_0000141
http://purl.obolibrary.org/obo/CVDO_0000523,right ventricular diastole,,,FALSE,,,http://purl.obolibrary.org/obo/CVDO_0000519
http://purl.obolibrary.org/obo/CVDO_0000540,ventricular tachyarrhythmia (disease),,,FALSE,,,http://purl.obolibrary.org/obo/DOID_10273
http://purl.obolibrary.org/obo/CVDO_0000191,impaired cardiac output,,,FALSE,,,http://purl.obolibrary.org/obo/CVDO_0000279
http://purl.obolibrary.org/obo/DOID_3363,DOID_3363,,,FALSE,,,http://purl.obolibrary.org/obo/DOID_2349
http://purl.obolibrary.org/obo/CVDO_0000531,fluid in the pericardial cavity,,A disorder of fluid in the pericardial cavity.,FALSE,,,http://purl.obolibrary.org/obo/OGMS_0000045
http://purl.obolibrary.org/obo/CVDO_0000061,sinoatrial block (disease),,,FALSE,,,http://purl.obolibrary.org/obo/DOID_10273
http://purl.obolibrary.org/obo/CVDO_0000421,degenerated structure in an aortic valve leaflet,,A disorder of degenerated structure in an aortic valve leaflet.,FALSE,,,http://purl.obolibrary.org/obo/CVDO_0000420
http://purl.obolibrary.org/obo/CVDO_0000173,retrograd blood flow through tricuspid valve during right ventricular systole,,,FALSE,,,http://purl.obolibrary.org/obo/CVDO_0000182
http://purl.obolibrary.org/obo/CVDO_0000043,atrioventricular block (disease),,,FALSE,,,http://purl.obolibrary.org/obo/DOID_10273
http://purl.obolibrary.org/obo/CVDO_0000153,wandering pacemaker,,,FALSE,,,http://purl.obolibrary.org/obo/DOID_10273
http://purl.obolibrary.org/obo/BFO_0000004,independent continuant,,b is an independent continuant = Def. b is a continuant which is such that there is no c and no t such that b s-depends_on c at t. (axiom label in BFO2 Reference: [017-002]),FALSE,,,http://purl.obolibrary.org/obo/BFO_0000002
http://purl.obolibrary.org/obo/BFO_0000015,process,,p is a process = Def. p is an occurrent that has temporal proper parts and for some time t. p s-depends_on some material entity at t. (axiom label in BFO2 Reference: [083-003]),FALSE,,,http://purl.obolibrary.org/obo/BFO_0000003
http://purl.obolibrary.org/obo/BFO_0000026,one-dimensional spatial region,,,FALSE,,,http://purl.obolibrary.org/obo/BFO_0000006
http://purl.obolibrary.org/obo/CVDO_0000513,heart pathological process involving a mitral valve,,A heart pathological process that has a mitral valve as a participant.,FALSE,,,http://purl.obolibrary.org/obo/OGMS_0000061
http://purl.obolibrary.org/obo/CVDO_0000164,heart valve leaflet displacement into a cardiac chamber during ventricular systole,,,FALSE,,,http://purl.obolibrary.org/obo/CVDO_0000530
http://purl.obolibrary.org/obo/CVDO_0000181,disturbed anterograd blood flow through mitral valve during left ventricular diastole,,,FALSE,,,http://purl.obolibrary.org/obo/CVDO_0000183
http://purl.obolibrary.org/obo/CVDO_0000274,cardiac ventricle pathological process,,A pathological process occurring in a cardiac ventricle.,FALSE,,,http://purl.obolibrary.org/obo/OGMS_0000061
http://purl.obolibrary.org/obo/DOID_10880,DOID_10880,,,FALSE,,,http://purl.obolibrary.org/obo/DOID_3875
http://purl.obolibrary.org/obo/CVDO_0000034,bacterial pericarditis,,A pericarditis caused by a bacterial infection.,FALSE,,,http://purl.obolibrary.org/obo/CVDO_0000033
http://purl.obolibrary.org/obo/CVDO_0000144,left anterior fascicle,,,FALSE,,,http://purl.obolibrary.org/obo/FMA_6266
http://purl.obolibrary.org/obo/FMA_3710,FMA_3710,,,FALSE,,,
http://purl.obolibrary.org/obo/CVDO_0000411,inflammation process in a retinal artery,,An inflammation of the retinal artery.,FALSE,,,http://purl.obolibrary.org/obo/CVDO_0000403
http://purl.obolibrary.org/obo/CVDO_0000504,aortic valve improper opening during left ventricular systole,,,FALSE,,,http://purl.obolibrary.org/obo/CVDO_0000503
http://purl.obolibrary.org/obo/CVDO_0000521,atrial diastole,,,FALSE,,,http://purl.obolibrary.org/obo/CVDO_0000542
http://purl.obolibrary.org/obo/DOID_14557,DOID_14557,,,FALSE,,,http://purl.obolibrary.org/obo/DOID_6432
http://purl.obolibrary.org/obo/DOID_12326,DOID_12326,,A cor pulmonale that has a chronic disease course during which the right ventricle becomes hypertrophied.,FALSE,,,http://purl.obolibrary.org/obo/DOID_8515
http://purl.obolibrary.org/obo/DOID_341,DOID_341,,,FALSE,,,http://purl.obolibrary.org/obo/CVDO_0000231
http://purl.obolibrary.org/obo/BFO_0000038,one-dimensional temporal region,,,FALSE,,,http://purl.obolibrary.org/obo/BFO_0000008
http://purl.obolibrary.org/obo/CVDO_0000408,inflammation process in a blood vessel,,An inflammation process in a blood vessel.,FALSE,,,http://purl.obolibrary.org/obo/CVDO_0000403
http://purl.obolibrary.org/obo/CVDO_0000315,Mobitz I second degree atrioventricular block (process),,,FALSE,,,http://purl.obolibrary.org/obo/CVDO_0000312
http://purl.obolibrary.org/obo/FMA_12151,FMA_12151,,,FALSE,,,
http://purl.obolibrary.org/obo/CVDO_0000541,inflammation process in a heart valve,,An inflammation process occurring in a heart valve.,FALSE,,,http://purl.obolibrary.org/obo/CVDO_0000403
http://purl.obolibrary.org/obo/CVDO_0000301,junctional tachycardia (disease),,,FALSE,,,http://purl.obolibrary.org/obo/DOID_10273
http://purl.obolibrary.org/obo/CVDO_0000445,tachycardia (process),tachyarrhythmia (process),,FALSE,,,http://purl.obolibrary.org/obo/CVDO_0000310
http://purl.obolibrary.org/obo/CVDO_0000462,accessory bundle,,,FALSE,,,http://purl.obolibrary.org/obo/CVDO_0000015
http://purl.obolibrary.org/obo/BFO_0000027,object aggregate,,,FALSE,,,http://purl.obolibrary.org/obo/BFO_0000040
http://purl.obolibrary.org/obo/BFO_0000016,disposition,,,FALSE,,,http://purl.obolibrary.org/obo/BFO_0000017
http://purl.obolibrary.org/obo/DOID_5844,DOID_5844,,An infarction occurring in the myocardium.,FALSE,,,http://purl.obolibrary.org/obo/CVDO_0000276
http://purl.obolibrary.org/obo/DOID_325,DOID_325,,,FALSE,,,http://purl.obolibrary.org/obo/CVDO_0000267
http://purl.obolibrary.org/obo/DOID_8725,DOID_8725,,,FALSE,,,http://purl.obolibrary.org/obo/CVDO_0000267
http://purl.obolibrary.org/obo/CVDO_0000044,first degree atrioventricular block (disease),,,FALSE,,,http://purl.obolibrary.org/obo/DOID_10273
http://purl.obolibrary.org/obo/CVDO_0000154,tricuspid valve disease,,A disease affecting the tricuspid valve of the heart.,FALSE,,,http://purl.obolibrary.org/obo/OGMS_0000031
http://purl.obolibrary.org/obo/DOID_384,DOID_384,,,FALSE,,,http://purl.obolibrary.org/obo/DOID_10273
http://purl.obolibrary.org/obo/CVDO_0000418,fibrofatty replacement in a right ventricular myocardium,,A pathological process of fibrofatty replacement in the myocardium of the right cardiac ventricle.,FALSE,,,http://purl.obolibrary.org/obo/OGMS_0000061
http://purl.obolibrary.org/obo/CVDO_0000435,atherosclerotic ischemic cardiomyopathy,,An ischemic cardiomyopathy due to coronary stenosis.,FALSE,,,http://purl.obolibrary.org/obo/CVDO_0000558
http://purl.obolibrary.org/obo/CVDO_0000545,embolus,,A disorder made of a detached. traveling intravascular matter (solid. liquid. or gaseous) carried by circulation. It is capable of creating an arterial occlusion at a site distant from its point of origin.,FALSE,,,http://purl.obolibrary.org/obo/OGMS_0000045
http://purl.obolibrary.org/obo/CVDO_0000528,left atrial diastole,,,FALSE,,,http://purl.obolibrary.org/obo/CVDO_0000521
http://purl.obolibrary.org/obo/DOID_10763,DOID_10763,,,FALSE,,,http://purl.obolibrary.org/obo/OGMS_0000031
http://purl.obolibrary.org/obo/CVDO_0000426,Barlow's syndrome,,A mitral valve prolapse due to myxomatous proliferation in the mitral valve.,FALSE,,,http://purl.obolibrary.org/obo/OGMS_0000031
http://purl.obolibrary.org/obo/CVDO_0000409,inflammation process in a femoral vein,,An inflammation process occurring in the femoral vein.,FALSE,,,http://purl.obolibrary.org/obo/CVDO_0000403
http://purl.obolibrary.org/obo/CVDO_0000536,ventricular preexcitation (disease),,,FALSE,,,http://purl.obolibrary.org/obo/DOID_10273
http://purl.obolibrary.org/obo/CVDO_0000288,atheromous plaque formation in coronary artery,,A pathological process consisting in the formation of atheromous plaques in a coronary artery. It may lead to a coronary stenosis.,FALSE,,,http://purl.obolibrary.org/obo/CVDO_0000224
http://purl.obolibrary.org/obo/DOID_525,DOID_525,,,FALSE,,,
http://purl.obolibrary.org/obo/CVDO_0000048,impaired atrioventricular node,,,FALSE,,,http://purl.obolibrary.org/obo/CVDO_0000047
http://purl.obolibrary.org/obo/CVDO_0000535,anomalous atrioventricular excitation (process),,,FALSE,,,http://purl.obolibrary.org/obo/CVDO_0000310
http://purl.obolibrary.org/obo/CVDO_0000518,ventricular systole,,,FALSE,,,http://purl.obolibrary.org/obo/CVDO_0000542
http://purl.obolibrary.org/obo/DOID_115,DOID_115,,A disease caused by the presence of fluid in the pericardial cavity (due to pericardial effusion). affecting negatively the heart's pumping function.,FALSE,,,http://purl.obolibrary.org/obo/OGMS_0000031
http://purl.obolibrary.org/obo/CVDO_0000186,disturbed anterograd blood flow through pulmonary valve during right ventricular systole,,,FALSE,,,http://purl.obolibrary.org/obo/CVDO_0000183
http://purl.obolibrary.org/obo/CVDO_0000169,retrograd blood flow through pulmonary valve during right ventricular diastole,,,FALSE,,,http://purl.obolibrary.org/obo/CVDO_0000182
http://purl.obolibrary.org/obo/CVDO_0000279,cardiac blood circulation pathological process,,A pathological process involving the blood circuation in the heart.,FALSE,,,http://purl.obolibrary.org/obo/OGMS_0000061
http://purl.obolibrary.org/obo/CVDO_0000296,supraventricular tachycardia (disease),,,FALSE,,,http://purl.obolibrary.org/obo/DOID_10273
http://purl.obolibrary.org/obo/CVDO_0000072,heart block (disease),,,FALSE,,,http://purl.obolibrary.org/obo/DOID_10273
http://purl.obolibrary.org/obo/CVDO_0000039,heart pathological process,,A pathological process involving or occuring in the heart.,FALSE,,,http://purl.obolibrary.org/obo/OGMS_0000061
http://purl.obolibrary.org/obo/CVDO_0000526,left atrial systole,,,FALSE,,,http://purl.obolibrary.org/obo/CVDO_0000520
http://purl.obolibrary.org/obo/CVDO_0000509,atherosclerotic acute coronary syndrome,,An acute coronary syndrome due to coronary stenosis.,FALSE,,,http://purl.obolibrary.org/obo/DOID_8805
http://purl.obolibrary.org/obo/DOID_114,DOID_114,,A disease affecting the heart.,FALSE,,,http://purl.obolibrary.org/obo/OGMS_0000031
http://purl.obolibrary.org/obo/FMA_18884,FMA_18884,,,FALSE,,,
http://purl.obolibrary.org/obo/FMA_9535,FMA_9535,,,FALSE,,,
http://purl.obolibrary.org/obo/DOID_9892,DOID_9892,,,FALSE,,,http://purl.obolibrary.org/obo/CVDO_0000234
http://purl.obolibrary.org/obo/DOID_12929,DOID_12929,,A heart disease in which the endocardium thickens by increase in the amount of supporting connective tissue and elastic fibers. It is usually associated with children two years old and younger. Its etiological cause is unknown.,FALSE,,,http://purl.obolibrary.org/obo/OGMS_0000031
http://purl.obolibrary.org/obo/DOID_1936,DOID_1936,,,FALSE,,,http://purl.obolibrary.org/obo/DOID_2349
http://purl.obolibrary.org/obo/CVDO_0000546,inflammatory disease,,A disease characterized by an inflammation process.,FALSE,,,http://purl.obolibrary.org/obo/OGMS_0000031
http://purl.obolibrary.org/obo/CVDO_0000453,ventricular tachycardia (process),,,FALSE,,,http://purl.obolibrary.org/obo/CVDO_0000489
http://purl.obolibrary.org/obo/CVDO_0000563,cardiovascular system pathological process,,,FALSE,,,http://purl.obolibrary.org/obo/OGMS_0000061
http://purl.obolibrary.org/obo/CVDO_0000436,paroxysmal atrial fibrillation,,An atrial fibrillation disease that is characterized by an atrial fibrillation episode shorter than 7 days.,FALSE,,,http://purl.obolibrary.org/obo/CVDO_0000092
http://purl.obolibrary.org/obo/FMA_7088,FMA_7088,,,FALSE,,,
http://purl.obolibrary.org/obo/BFO_0000144,process profile,,b is a process_profile =Def. there is some process c such that b process_profile_of c (axiom label in BFO2 Reference: [093-002]),FALSE,,,http://purl.obolibrary.org/obo/BFO_0000015
http://purl.obolibrary.org/obo/DOID_2462,DOID_2462,,,FALSE,,,http://purl.obolibrary.org/obo/CVDO_0000267
http://purl.obolibrary.org/obo/CVDO_0000306,atrial flutter (process),,,FALSE,,,http://purl.obolibrary.org/obo/CVDO_0000111
http://purl.obolibrary.org/obo/FMA_7099,FMA_7099,,,FALSE,,,
http://purl.obolibrary.org/obo/DOID_630,DOID_630,,,FALSE,,,http://purl.obolibrary.org/obo/OGMS_0000031
http://purl.obolibrary.org/obo/DOID_2868,DOID_2868,,,FALSE,,,http://purl.obolibrary.org/obo/OGMS_0000031
http://purl.obolibrary.org/obo/CVDO_0000196,highly pressured arterial blood flow,,A pathological process of highly pressured aerterial blood flow.,FALSE,,,http://purl.obolibrary.org/obo/CVDO_0000280
http://purl.obolibrary.org/obo/CVDO_0000066,impaired sinoatrial node,,,FALSE,,,http://purl.obolibrary.org/obo/CVDO_0000047
http://purl.obolibrary.org/obo/CVDO_0000159,heart pathological process involving a heart valve,,A heart pathological process that has a heart valve as a participant.,FALSE,,,http://purl.obolibrary.org/obo/OGMS_0000061
http://purl.obolibrary.org/obo/CVDO_0000519,ventricular diastole,,,FALSE,,,http://purl.obolibrary.org/obo/CVDO_0000542
http://purl.obolibrary.org/obo/CVDO_0000312,atrioventricular block (process),,,FALSE,,,http://purl.obolibrary.org/obo/CVDO_0000311
http://purl.obolibrary.org/obo/CVDO_0000537,cardiac ion channels disorder,,A disorder in the heart conduction system that causes a disturbed function of ion channel subunits or the proteins that regulate them.,FALSE,,,http://purl.obolibrary.org/obo/CVDO_0000047
http://purl.obolibrary.org/obo/CVDO_0000554,right ventricle disorder,,A disorder always located in the right heart ventricle.,FALSE,,,http://purl.obolibrary.org/obo/OGMS_0000045
http://purl.obolibrary.org/obo/DOID_3574,DOID_3574,,A thrombosis that occurs in a transverse sinus.,FALSE,,,http://purl.obolibrary.org/obo/DOID_3572
http://purl.obolibrary.org/obo/CVDO_0000444,sinus bradycardia (process),,,FALSE,,,http://purl.obolibrary.org/obo/CVDO_0000140
http://purl.obolibrary.org/obo/CVDO_0000427,fluid accumulation in the pericardial cavity,,A pathological process consisting in the abnormal accumulation of fluid in the pericardial cavity.,FALSE,,,http://purl.obolibrary.org/obo/OGMS_0000061
http://purl.obolibrary.org/obo/CVDO_0000220,deep vein thrombosis,,A thrombosis occurring in a deep vein.,FALSE,,,http://purl.obolibrary.org/obo/CVDO_0000217
http://purl.obolibrary.org/obo/DOID_10273,DOID_10273,,A disease affecting the conducting tissue of the heart.,FALSE,,,http://purl.obolibrary.org/obo/OGMS_0000031
http://purl.obolibrary.org/obo/CVDO_0000210,heart valve improper close,,A pathological process of a heart valve closing improperly.,FALSE,,,http://purl.obolibrary.org/obo/OGMS_0000061
http://purl.obolibrary.org/obo/DOID_1929,DOID_1929,,A congenital disease involving the narrowing (stenosis) of aorta. hindering the opening of the aortic valve.,FALSE,,,http://purl.obolibrary.org/obo/CVDO_0000597
http://purl.obolibrary.org/obo/CVDO_0000320,left bundle branch block (process),,,FALSE,,,http://purl.obolibrary.org/obo/CVDO_0000313
http://purl.obolibrary.org/obo/FMA_50801,FMA_50801,,,FALSE,,,
http://purl.obolibrary.org/obo/BFO_0000030,object,,,FALSE,,,http://purl.obolibrary.org/obo/BFO_0000040
http://purl.obolibrary.org/obo/CVDO_0000187,disturbed anterograd blood flow through aortic valve during left ventricular systole,,,FALSE,,,http://purl.obolibrary.org/obo/CVDO_0000183
http://purl.obolibrary.org/obo/DOID_3825,DOID_3825,,,FALSE,,,http://purl.obolibrary.org/obo/CVDO_0000267
http://purl.obolibrary.org/obo/CVDO_0000527,right atrial systole,,,FALSE,,,http://purl.obolibrary.org/obo/CVDO_0000520
http://purl.obolibrary.org/obo/CVDO_0000544,genetic cardiomyopathy,,A cardiomyopathy (2008) that has a genetic origin.,FALSE,,,http://purl.obolibrary.org/obo/CVDO_0000569
http://purl.obolibrary.org/obo/DOID_6420,DOID_6420,,A disease in which some disorder of a pulmonary valve prevents it from opening properly during right ventricular systole. occasioning disturbance in the anterograd blood flow through the valve.,FALSE,,,http://purl.obolibrary.org/obo/OGMS_0000031
http://purl.obolibrary.org/obo/BFO_0000040,material entity,,,FALSE,,,http://purl.obolibrary.org/obo/BFO_0000004
http://purl.obolibrary.org/obo/DOID_1287,DOID_1287,,A disease affecting the cardiovascular system.,FALSE,,,http://purl.obolibrary.org/obo/OGMS_0000031
http://purl.obolibrary.org/obo/CVDO_0000311,heart block (process),,,FALSE,,,http://purl.obolibrary.org/obo/CVDO_0000310
http://purl.obolibrary.org/obo/CVDO_0000080,left posterior fascicular block (disease),,,FALSE,,,http://purl.obolibrary.org/obo/DOID_10273
http://purl.obolibrary.org/obo/CVDO_0000063,Mobitz II second degree sinoatrial block (disease),sinus exit block,,FALSE,,,http://purl.obolibrary.org/obo/DOID_10273
http://purl.obolibrary.org/obo/DOID_12935,DOID_12935,,A dilated cardiomyopathy resulting from alcohol intoxication.,FALSE,,,http://purl.obolibrary.org/obo/DOID_12930
http://purl.obolibrary.org/obo/CVDO_0000550,endocardium pathological process,,A pathological process occuring in the endocardium.,FALSE,,,http://purl.obolibrary.org/obo/OGMS_0000061
http://purl.obolibrary.org/obo/BFO_0000017,realizable entity,,,FALSE,,,http://purl.obolibrary.org/obo/BFO_0000020
http://purl.obolibrary.org/obo/BFO_0000028,three-dimensional spatial region,,,FALSE,,,http://purl.obolibrary.org/obo/BFO_0000006
http://purl.obolibrary.org/obo/DOID_10128,DOID_10128,,,FALSE,,,http://purl.obolibrary.org/obo/OGMS_0000031
http://purl.obolibrary.org/obo/BFO_0000006,spatial region,,,FALSE,,,http://purl.obolibrary.org/obo/BFO_0000141
http://purl.obolibrary.org/obo/CVDO_0000458,ventricular preexcitation (process),,,FALSE,,,http://purl.obolibrary.org/obo/CVDO_0000535
http://purl.obolibrary.org/obo/DOID_4079,DOID_4079,,A disease affecting a valve of the heart.,FALSE,,,http://purl.obolibrary.org/obo/OGMS_0000031
http://purl.obolibrary.org/obo/DOID_9286,DOID_9286,,,FALSE,,,http://purl.obolibrary.org/obo/CVDO_0000267
http://purl.obolibrary.org/obo/DOID_0050645,DOID_0050645,,,FALSE,,,http://purl.obolibrary.org/obo/CVDO_0000267
http://purl.obolibrary.org/obo/CVDO_0000330,ventricular myocardium dilatation,,A pathological process of dilatation of the myocardium of a cardiac ventricle.,FALSE,,,http://purl.obolibrary.org/obo/OGMS_0000061
http://purl.obolibrary.org/obo/CVDO_0000321,left posterior fascicular block (process),,,FALSE,,,http://purl.obolibrary.org/obo/CVDO_0000313
http://purl.obolibrary.org/obo/DOID_9775,DOID_9775,,A congestive heart failure with preserved ejection fraction.,FALSE,,,
http://purl.obolibrary.org/obo/FMA_7098,FMA_7098,,,FALSE,,,
http://purl.obolibrary.org/obo/DOID_989,DOID_989,,A disease characterized by the displacement of a degenerated heart valve leaflet during systole.,FALSE,,,http://purl.obolibrary.org/obo/OGMS_0000031
http://purl.obolibrary.org/obo/DOID_8516,DOID_8516,,A pathological process consisting in a pulmonary embolism and an infarction that follows.,FALSE,,,http://purl.obolibrary.org/obo/OGMS_0000061
http://purl.obolibrary.org/obo/CVDO_0000449,common atrial flutter (process),,,FALSE,,,http://purl.obolibrary.org/obo/CVDO_0000448
http://purl.obolibrary.org/obo/CVDO_0000559,material anatomical entity disorder,,A disorder located in an anatomical entity.,FALSE,,,http://purl.obolibrary.org/obo/OGMS_0000045
http://purl.obolibrary.org/obo/CVDO_0000225,embolism,,A pathological process of lodging of an embolus in a blood vessel.,FALSE,,,http://purl.obolibrary.org/obo/OGMS_0000061
http://purl.obolibrary.org/obo/CVDO_0000325,first degree sinoatrial block (process),,,FALSE,,,http://purl.obolibrary.org/obo/CVDO_0000314
http://purl.obolibrary.org/obo/CVDO_0000308,junctional tachycardia (process),,,FALSE,,,http://purl.obolibrary.org/obo/CVDO_0000111
http://purl.obolibrary.org/obo/CVDO_0000081,infra-hisian block (disease),,,FALSE,,,http://purl.obolibrary.org/obo/DOID_10273
http://purl.obolibrary.org/obo/DOID_396,DOID_396,,,FALSE,,,
http://purl.obolibrary.org/obo/CVDO_0000472,cardiac channelopathy,,A disease cause by a cardiac ion channel disorder.,FALSE,,,http://purl.obolibrary.org/obo/DOID_10273
http://purl.obolibrary.org/obo/CVDO_0000582,right ventricle disease,,A disease affecting a heart right ventricle.,FALSE,,,http://purl.obolibrary.org/obo/OGMS_0000031
http://purl.obolibrary.org/obo/BFO_0000145,relational quality,,b is a relational quality = Def. for some independent continuants c. d and for some time t: b quality_of c at t & b quality_of d at t. (axiom label in BFO2 Reference: [057-001]),FALSE,,,http://purl.obolibrary.org/obo/BFO_0000019
http://purl.obolibrary.org/obo/CVDO_0000463,atrioventricular accessory bundle,,Accessory bundle that connects the atrium to a ventricle outside of the regular atrioventricular conduction system.,FALSE,,,http://purl.obolibrary.org/obo/CVDO_0000462
http://purl.obolibrary.org/obo/CVDO_0000480,atrioventricular reciprocating tachycardia (disease),,,FALSE,,,http://purl.obolibrary.org/obo/DOID_10273
http://purl.obolibrary.org/obo/DOID_9768,DOID_9768,,,FALSE,,,http://purl.obolibrary.org/obo/OGMS_0000045
http://purl.obolibrary.org/obo/FMA_3734,FMA_3734,,,FALSE,,,
http://purl.obolibrary.org/obo/CVDO_0000316,Mobitz II second degree atrioventricular block (process),,,FALSE,,,http://purl.obolibrary.org/obo/CVDO_0000312
http://purl.obolibrary.org/obo/CVDO_0000555,heart ventricle disorder,,A disorder always located in a heart ventricle.,FALSE,,,http://purl.obolibrary.org/obo/OGMS_0000045
http://purl.obolibrary.org/obo/FMA_13256,FMA_13256,,,FALSE,,,
http://purl.obolibrary.org/obo/CVDO_0000577,inflammatory dilated cardiomyopathy,inflammatory dilated cardiomyopathy,"""Inflammatory DCM is defined by the presence of chronic inflammatory cells in association with left ventricular dilatation and reduced ejection fraction"".(Elliott et al.. 2008)",FALSE,,,http://purl.obolibrary.org/obo/DOID_12930
http://purl.obolibrary.org/obo/FMA_9558,FMA_9558,,,FALSE,,,
http://purl.obolibrary.org/obo/FMA_7161,FMA_7161,,,FALSE,,,
http://purl.obolibrary.org/obo/FMA_83378,FMA_83378,,,FALSE,,,
http://purl.obolibrary.org/obo/DOID_4372,DOID_4372,,,FALSE,,,http://purl.obolibrary.org/obo/CVDO_0000225
http://purl.obolibrary.org/obo/BFO_0000146,two-dimensional continuant fiat boundary,,,FALSE,,,http://purl.obolibrary.org/obo/BFO_0000140
http://purl.obolibrary.org/obo/CVDO_0000490,atrioventricular reciprocating tachycardia (process),,,FALSE,,,http://purl.obolibrary.org/obo/CVDO_0000308
http://purl.obolibrary.org/obo/CVDO_0000473,long QT syndrome,,A cardiac channelopathy in which delayed repolarization of the heart following a heartbeat increases the risk of episodes of torsades de pointes. This is a rare disease.,FALSE,,,http://purl.obolibrary.org/obo/CVDO_0000472
http://purl.obolibrary.org/obo/CVDO_0000583,ventricular myocardium contraction dysfunctional process,,,FALSE,,,http://purl.obolibrary.org/obo/CVDO_0000571
http://purl.obolibrary.org/obo/DOID_519,DOID_519,,A disease characterized by an inflammation of the aorta.,FALSE,,,http://purl.obolibrary.org/obo/OGMS_0000031
http://purl.obolibrary.org/obo/CVDO_0000216,vascular pathological process,,A pathological process involving or occuring in a blood vessel.,FALSE,,,http://purl.obolibrary.org/obo/OGMS_0000061
http://purl.obolibrary.org/obo/CVDO_0000326,third degree sinoatrial block (process),,,FALSE,,,http://purl.obolibrary.org/obo/CVDO_0000314
http://purl.obolibrary.org/obo/BFO_0000034,function,,,FALSE,,,http://purl.obolibrary.org/obo/BFO_0000016
http://purl.obolibrary.org/obo/DOID_0050644,DOID_0050644,,,FALSE,,,http://purl.obolibrary.org/obo/CVDO_0000267
http://purl.obolibrary.org/obo/DOID_1869,DOID_1869,,A chronic pericarditis due to rheumatic fever.,FALSE,,,http://purl.obolibrary.org/obo/DOID_1787
http://purl.obolibrary.org/obo/DOID_8861,DOID_8861,pulmonary subvalvular stenosis,,FALSE,,,http://purl.obolibrary.org/obo/OGMS_0000031
http://purl.obolibrary.org/obo/CVDO_0000110,cardiac atrium fibrosis,,A pathological process of fibrosis of the cardiac atrium.,FALSE,,,http://purl.obolibrary.org/obo/CVDO_0000273
http://purl.obolibrary.org/obo/CVDO_0000590,pulmonary valve pathological process,,A pathological process occurring in a pulmonary valve.,FALSE,,,http://purl.obolibrary.org/obo/OGMS_0000061
http://purl.obolibrary.org/obo/CVDO_0000481,ventricular tachycardia (disease),,,FALSE,,,http://purl.obolibrary.org/obo/DOID_10273
http://purl.obolibrary.org/obo/CVDO_0000591,myocardium disease,,A disease affecting the myocardium.,FALSE,,,http://purl.obolibrary.org/obo/OGMS_0000031
http://purl.obolibrary.org/obo/CVDO_0000317,first degree atrioventricular block (process),,,FALSE,,,http://purl.obolibrary.org/obo/CVDO_0000312
http://purl.obolibrary.org/obo/CVDO_0000224,atheromous plaque formation in artery,,A pathological process of formation of atheromous plaques in an artery.,FALSE,,,http://purl.obolibrary.org/obo/OGMS_0000061
http://purl.obolibrary.org/obo/CVDO_0000307,ventricular fibrillation (process),,,FALSE,,,http://purl.obolibrary.org/obo/CVDO_0000489
http://purl.obolibrary.org/obo/DOID_5749,DOID_5749,,A disease affecting the pulmonary valve of the heart.,FALSE,,,http://purl.obolibrary.org/obo/OGMS_0000031
http://purl.obolibrary.org/obo/CVDO_0000485,torsades de pointes (disease),,,FALSE,,,http://purl.obolibrary.org/obo/DOID_10273
http://purl.obolibrary.org/obo/DOID_11984,DOID_11984,,"""A heart disease with increased ventricular wall thickness or mass in the absence of loading conditions (hypertension. valve disease) sufficient to cause the observed abnormality.""(Elliott et al.. 2008. European Heart Journal. 29. 270-276)",FALSE,,,http://purl.obolibrary.org/obo/OGMS_0000031
http://purl.obolibrary.org/obo/OGMS_0000061,OGMS_0000061,,,FALSE,,,http://purl.obolibrary.org/obo/OGMS_0000060
http://purl.obolibrary.org/obo/CVDO_0000094,atrial flutter (disease),,,FALSE,,,http://purl.obolibrary.org/obo/DOID_10273
http://purl.obolibrary.org/obo/CVDO_0000077,impaired posterior division of left branch of atrioventricular bundle,,,FALSE,,,http://purl.obolibrary.org/obo/CVDO_0000047
http://purl.obolibrary.org/obo/CVDO_0000471,inappropriate sinus tachycardia (disease),,,FALSE,,,http://purl.obolibrary.org/obo/DOID_10273
http://purl.obolibrary.org/obo/DOID_10272,left anterior fascicular block (disease),,,FALSE,,,http://purl.obolibrary.org/obo/DOID_10273
http://purl.obolibrary.org/obo/DOID_520,DOID_520,,A disease affecting the aorta.,FALSE,,,http://purl.obolibrary.org/obo/OGMS_0000031
http://purl.obolibrary.org/obo/CVDO_0000454,monomorphic ventricular tachycardia (process),,,FALSE,,,http://purl.obolibrary.org/obo/CVDO_0000453
http://purl.obolibrary.org/obo/CVDO_0000564,disease of material anatomical entity,,A disease that affects a material anatomical entity.,FALSE,,,http://purl.obolibrary.org/obo/OGMS_0000031
http://purl.obolibrary.org/obo/CVDO_0000581,left ventricle disease,,A disease affecting a heart left ventricle.,FALSE,,,http://purl.obolibrary.org/obo/OGMS_0000031
http://purl.obolibrary.org/obo/DOID_62,DOID_62,,A disease affecting the aortic valve of the heart.,FALSE,,,http://purl.obolibrary.org/obo/OGMS_0000031
http://purl.obolibrary.org/obo/DOID_11840,DOID_11840,,A coronary heart disease with coronary artery smooth muscle constriction.,FALSE,,,http://purl.obolibrary.org/obo/DOID_3393
http://purl.obolibrary.org/obo/DOID_14121,DOID_14121,,,FALSE,,,http://purl.obolibrary.org/obo/CVDO_0000267
http://purl.obolibrary.org/obo/CVDO_0000248,myocardium disorder,,A disorder always located in the mycoardium.,FALSE,,,http://purl.obolibrary.org/obo/OGMS_0000045
http://purl.obolibrary.org/obo/DOID_4248,DOID_4248,,A disorder of atheromous plaques in a coronary artery.,FALSE,,,http://purl.obolibrary.org/obo/OGMS_0000045
http://purl.obolibrary.org/obo/CVDO_0000234,compression disease,,,FALSE,,,http://purl.obolibrary.org/obo/DOID_178
http://purl.obolibrary.org/obo/OGMS_0000066,OGMS_0000066,,,FALSE,,,
http://purl.obolibrary.org/obo/DOID_11516,DOID_11516,,,FALSE,,,http://purl.obolibrary.org/obo/OGMS_0000031
http://purl.obolibrary.org/obo/DOID_0060000,DOID_0060000,,An endocarditis caused by infection.,FALSE,,,
http://purl.obolibrary.org/obo/DOID_10234,DOID_10234,,,FALSE,,,http://purl.obolibrary.org/obo/CVDO_0000036
http://purl.obolibrary.org/obo/CVDO_0000588,mitral valve pathological process,,A pathological process occurring in a mitral valve.,FALSE,,,http://purl.obolibrary.org/obo/OGMS_0000061
http://purl.obolibrary.org/obo/CVDO_0000495,premature junctional contraction (disease),,,FALSE,,,http://purl.obolibrary.org/obo/DOID_10273
http://purl.obolibrary.org/obo/FMA_3939,FMA_3939,,,FALSE,,,
http://purl.obolibrary.org/obo/CVDO_0000238,permanent atrial fibrillation,,An atrial fibrillation disease that is characterized by an atrial fibrillation episode longer than 7 days which does not terminate by cardioversion.,FALSE,,,http://purl.obolibrary.org/obo/CVDO_0000092
http://purl.obolibrary.org/obo/CVDO_0000578,hypertensive cardiomyopathy,,A hypertensive heart disease leading to a hypertrophy and dysfunction of the left ventricle.,FALSE,,,http://purl.obolibrary.org/obo/DOID_11516
http://purl.obolibrary.org/obo/FMA_7234,FMA_7234,,,FALSE,,,
http://purl.obolibrary.org/obo/DOID_11563,DOID_11563,,A disease characterized by an inflammation of a retinal artery.,FALSE,,,http://purl.obolibrary.org/obo/OGMS_0000031
http://purl.obolibrary.org/obo/DOID_9540,DOID_9540,,,FALSE,,,http://purl.obolibrary.org/obo/CVDO_0000267
http://purl.obolibrary.org/obo/CVDO_0000486,monomorphic ventricular tachycardia (disease),,,FALSE,,,http://purl.obolibrary.org/obo/DOID_10273
http://purl.obolibrary.org/obo/CVDO_0000262,pericardium disease,,A disease affecting the pericardium.,FALSE,,,http://purl.obolibrary.org/obo/OGMS_0000031
http://purl.obolibrary.org/obo/DOID_12282,DOID_12282,,,FALSE,,,http://purl.obolibrary.org/obo/DOID_3875
http://purl.obolibrary.org/obo/DOID_8515,DOID_8515,,A disease characterized by a dilatation or hypertrophy of the myocardium of right ventricle of the heart as a response to increased resistance or high blood pressure in the lungs. involving a failure of the right side of the heart.,FALSE,,,http://purl.obolibrary.org/obo/OGMS_0000031
http://purl.obolibrary.org/obo/DOID_5644,DOID_5644,,A disease characterized by the displacement of a degenerated tricuspid valve leaflet into the right atrium during systole.,FALSE,,,http://purl.obolibrary.org/obo/OGMS_0000031
http://purl.obolibrary.org/obo/DOID_484,DOID_484,,,FALSE,,,http://purl.obolibrary.org/obo/CVDO_0000267
http://purl.obolibrary.org/obo/CVDO_0000500,aortic valve disorder,,A disorder always located in the aortic valve.,FALSE,,,http://purl.obolibrary.org/obo/OGMS_0000045
http://purl.obolibrary.org/obo/CVDO_0000476,left bundle branch block (process),,,FALSE,,,http://purl.obolibrary.org/obo/CVDO_0000319
http://purl.obolibrary.org/obo/CVDO_0000459,coronary artery hardening,,A pathological process of a coronary artery hardening.,FALSE,,,http://purl.obolibrary.org/obo/CVDO_0000223
http://purl.obolibrary.org/obo/CVDO_0000586,heart valve pathological process,,A pathological process occurring in a heart valve.,FALSE,,,http://purl.obolibrary.org/obo/OGMS_0000061
http://purl.obolibrary.org/obo/CVDO_0000569,cardiomyopathy (2008 definition),,"A heart disease in which the heart muscle is structurally and functionally abnormal. in the absence of coronary artery disease. hypertension. valvular disease and congenital heart disease sufficient to cause the observed myocardial abnormality.(adapted from Elliott et al.. 2008. European Heart Journal. 29. 270-276)",FALSE,,,http://purl.obolibrary.org/obo/OGMS_0000031
http://purl.obolibrary.org/obo/CVDO_0000015,heart disorder,,A disorder located in the heart.,FALSE,,,http://purl.obolibrary.org/obo/OGMS_0000045
http://purl.obolibrary.org/obo/DOID_1787,DOID_1787,,A disease characterized by an inflammation of the pericardium.,FALSE,,,http://purl.obolibrary.org/obo/OGMS_0000031
http://purl.obolibrary.org/obo/DOID_864,DOID_864,,A disease characterized by an inflammation of a vein.,FALSE,,,http://purl.obolibrary.org/obo/OGMS_0000031
http://purl.obolibrary.org/obo/CVDO_0000502,pulmonary valve disorder,,A disorder always located in the pulmonary valve.,FALSE,,,http://purl.obolibrary.org/obo/OGMS_0000045
http://purl.obolibrary.org/obo/CVDO_0000496,premature ventricular contraction (disease),,,FALSE,,,http://purl.obolibrary.org/obo/DOID_10273
http://purl.obolibrary.org/obo/CVDO_0000410,inflammation process in an iliac vein,,An inflammation process occurring in an iliac vein.,FALSE,,,http://purl.obolibrary.org/obo/CVDO_0000403
http://purl.obolibrary.org/obo/CVDO_0000239,right ventricular myocardium dilatation,,A pathological process of dilatation of the myocardium of a right cardiac ventricle.,FALSE,,,http://purl.obolibrary.org/obo/CVDO_0000330
http://purl.obolibrary.org/obo/CVDO_0000256,genetic hypertrophic cardiomyopathy,,A hypertrophic cardiomyopathy that has a genetic origin.,FALSE,,,http://purl.obolibrary.org/obo/DOID_11984
http://purl.obolibrary.org/obo/DOID_2349,DOID_2349,,,FALSE,,,http://purl.obolibrary.org/obo/DOID_2868
http://purl.obolibrary.org/obo/DOID_13209,DOID_13209,,,FALSE,,,http://purl.obolibrary.org/obo/DOID_10273
http://purl.obolibrary.org/obo/CVDO_0000487,ventricular fibrillation (disease),,,FALSE,,,http://purl.obolibrary.org/obo/DOID_10273
http://purl.obolibrary.org/obo/CVDO_0000597,congenital disease,,A disease existing at birth. or developping during the first month after birth.,FALSE,,,http://purl.obolibrary.org/obo/OGMS_0000031
http://purl.obolibrary.org/obo/OGMS_0000063,OGMS_0000063,,,FALSE,,,http://purl.obolibrary.org/obo/BFO_0000015
http://purl.obolibrary.org/obo/CVDO_0000170,pulmonary valve improper close during right ventricular diastole,,,FALSE,,,http://purl.obolibrary.org/obo/CVDO_0000210
http://purl.obolibrary.org/obo/CVDO_0000280,vascular blood circulation pathological process,,A pathological process involving the blood circulation in a blood vessel.,FALSE,,,http://purl.obolibrary.org/obo/OGMS_0000061
http://purl.obolibrary.org/obo/CVDO_0000040,pericardium pathological process,,A pathological process involving or occuring in the pericardium.,FALSE,,,http://purl.obolibrary.org/obo/OGMS_0000061
http://purl.obolibrary.org/obo/CVDO_0000023,pericardium disorder,,A disorder always located in the pericardium.,FALSE,,,http://purl.obolibrary.org/obo/OGMS_0000045
http://purl.obolibrary.org/obo/BFO_0000002,continuant,,,FALSE,,,http://purl.obolibrary.org/obo/BFO_0000001
http://purl.obolibrary.org/obo/CVDO_0000510,angina pectoris,,A heart ischemia accompanied by pain.,FALSE,,,http://purl.obolibrary.org/obo/CVDO_0000556
http://purl.obolibrary.org/obo/OGMS_0000094,OGMS_0000094,,,FALSE,,,
http://purl.obolibrary.org/obo/CVDO_0000596,genetic heart disease,,A heart disease that has a genetic disorder.,FALSE,,,http://purl.obolibrary.org/obo/DOID_114
http://purl.obolibrary.org/obo/CVDO_0000579,congenital heart disease,,A heart disease existing at birth. or developping during the first month after birth.,FALSE,,,http://purl.obolibrary.org/obo/DOID_114
http://purl.obolibrary.org/obo/FMA_7235,FMA_7235,,,FALSE,,,
http://purl.obolibrary.org/obo/DOID_0050451,DOID_0050451,,A heart conduction disease that is characterised by abnormal electrocardiogram (ECG) findings and an increased risk of sudden cardiac death by ventricular tachyarrhytmia.,FALSE,,,http://purl.obolibrary.org/obo/CVDO_0000472
http://purl.obolibrary.org/obo/CVDO_0000501,tricuspid valve disorder,,A disorder always located in the tricuspid valve.,FALSE,,,http://purl.obolibrary.org/obo/OGMS_0000045
http://purl.obolibrary.org/obo/DOID_10591,DOID_10591,,,FALSE,,,http://purl.obolibrary.org/obo/CVDO_0000267
http://purl.obolibrary.org/obo/CVDO_0000477,tachycardia (disease),tachyarrhythmia (disease),,FALSE,,,http://purl.obolibrary.org/obo/DOID_10273
http://purl.obolibrary.org/obo/CVDO_0000587,aortic valve pathological process,,A pathological process occurring in an aortic valve.,FALSE,,,http://purl.obolibrary.org/obo/OGMS_0000061
http://purl.obolibrary.org/obo/CVDO_0000160,mitral valve leaflet displacement into the left atrium during left ventricular systole,,,FALSE,,,http://purl.obolibrary.org/obo/CVDO_0000530
http://purl.obolibrary.org/obo/BFO_0000023,role,,,FALSE,,,http://purl.obolibrary.org/obo/BFO_0000017
http://purl.obolibrary.org/obo/BFO_0000001,entity,,,FALSE,,,
http://purl.obolibrary.org/obo/BFO_0000035,process boundary,,p is a process boundary =Def. p is a temporal part of a process & p has no proper temporal parts. (axiom label in BFO2 Reference: [084-001]),FALSE,,,http://purl.obolibrary.org/obo/BFO_0000003
http://purl.obolibrary.org/obo/CVDO_0000041,acute pericarditis,,A pericarditis that has an acute disease course.,FALSE,,,http://purl.obolibrary.org/obo/DOID_1787
http://purl.obolibrary.org/obo/FMA_67165,FMA_67165,,,FALSE,,,http://purl.obolibrary.org/obo/BFO_0000040
http://purl.obolibrary.org/obo/CVDO_0000511,stable angina pectoris,,An angina that is not unstable.,FALSE,,,http://purl.obolibrary.org/obo/CVDO_0000510
http://purl.obolibrary.org/obo/DOID_2316,DOID_2316,,An ischemia of the brain.,FALSE,,,
http://purl.obolibrary.org/obo/BFO_0000024,fiat object part,,,FALSE,,,http://purl.obolibrary.org/obo/BFO_0000040
http://purl.obolibrary.org/obo/DOID_3669,DOID_3669,,,FALSE,,,http://purl.obolibrary.org/obo/CVDO_0000267
http://purl.obolibrary.org/obo/FMA_66645,FMA_66645,,,FALSE,,,
http://purl.obolibrary.org/obo/CVDO_0000285,diabetic macroangiopathy,,,FALSE,,,http://purl.obolibrary.org/obo/DOID_11713
http://purl.obolibrary.org/obo/CVDO_0000175,retrograd blood flow through aortic valve during left ventricular diastole,,,FALSE,,,http://purl.obolibrary.org/obo/CVDO_0000182
http://purl.obolibrary.org/obo/DOID_1461,DOID_1461,,An embolism due to an embolus made of cholesterol.,FALSE,,,http://purl.obolibrary.org/obo/CVDO_0000225
http://purl.obolibrary.org/obo/CVDO_0000405,inflammation process in an endocardium,,An inflammation process occurring in the endocardium.,FALSE,,,http://purl.obolibrary.org/obo/CVDO_0000403
http://purl.obolibrary.org/obo/CVDO_0000515,heart pathological process involving a tricuspid valve,,A heart pathological process that has a tricuspid valve as a participant.,FALSE,,,http://purl.obolibrary.org/obo/OGMS_0000061
http://purl.obolibrary.org/obo/FMA_21185,FMA_21185,,,FALSE,,,
http://purl.obolibrary.org/obo/CVDO_0000506,pulmonary valve narrowed opening during right ventricular systole,,,FALSE,,,http://purl.obolibrary.org/obo/CVDO_0000503
http://purl.obolibrary.org/obo/DOID_4078,DOID_4078,,A disease in which some disorder of a tricuspid valve prevents it from opening properly during right ventricular diastole. occasioning disturbance in the anterograd blood flow through the valve.,FALSE,,,http://purl.obolibrary.org/obo/OGMS_0000031
http://purl.obolibrary.org/obo/CVDO_0000275,thromboembolism,,A pathological process constituted by a thrombosis (creating a blood clot) and a subsequent embolism (involving the blood clot as the embolus).,FALSE,,,http://purl.obolibrary.org/obo/OGMS_0000061
http://purl.obolibrary.org/obo/CVDO_0000505,mitral valve narrowed opening during left ventricular diastole,,,FALSE,,,http://purl.obolibrary.org/obo/CVDO_0000503
http://purl.obolibrary.org/obo/OGMS_0000059,OGMS_0000059,,,FALSE,,,http://purl.obolibrary.org/obo/BFO_0000015
http://purl.obolibrary.org/obo/CVDO_0000183,disturbed anterograd blood flow through a heart valve,,,FALSE,,,http://purl.obolibrary.org/obo/CVDO_0000279
http://purl.obolibrary.org/obo/CVDO_0000042,chronic pericarditis,,A pericarditis that has a chronic disease course.,FALSE,,,http://purl.obolibrary.org/obo/DOID_1787
http://purl.obolibrary.org/obo/DOID_0050700,DOID_0050700,,"Disease of the myocardium associated with cardiac dysfunction.(Report of the 1995 World Health Organization/International Society and Federation of Cardiology Task Force on the Definition and Classification of Cardiomyopathies)",FALSE,,,http://purl.obolibrary.org/obo/OGMS_0000031
http://purl.obolibrary.org/obo/FMA_50762,FMA_50762,,,FALSE,,,
http://purl.obolibrary.org/obo/BFO_0000141,immaterial entity,,,FALSE,,,http://purl.obolibrary.org/obo/BFO_0000004
http://purl.obolibrary.org/obo/CVDO_0000139,bradycardia (disease),,,FALSE,,,http://purl.obolibrary.org/obo/DOID_10273
http://purl.obolibrary.org/obo/CVDO_0000156,myxomatous degenerated structure in a mitral valve leaflet,,A degenerated structure in a mitral valve leaflet due to myxomatous proliferation.,FALSE,,,http://purl.obolibrary.org/obo/CVDO_0000420
http://purl.obolibrary.org/obo/FMA_49893,FMA_49893,,,FALSE,,,
http://purl.obolibrary.org/obo/CVDO_0000046,third degree atrioventricular block (disease),complete heart block,,FALSE,,,http://purl.obolibrary.org/obo/DOID_10273
http://purl.obolibrary.org/obo/CVDO_0000423,degenerated structure in a tricuspid valve leaflet,,A (clinically abnormal) degenerated structure in a tricuspid valve leaflet.,FALSE,,,http://purl.obolibrary.org/obo/CVDO_0000420
http://purl.obolibrary.org/obo/CVDO_0000406,inflammation process in a pericardium,,An inflammation process occurring in the pericardium.,FALSE,,,http://purl.obolibrary.org/obo/CVDO_0000403
http://purl.obolibrary.org/obo/CVDO_0000516,heart pathological process involving a pulmonary valve,,A heart pathological process that has a pulmonary valve as a participant.,FALSE,,,http://purl.obolibrary.org/obo/OGMS_0000061
http://purl.obolibrary.org/obo/CVDO_0000193,pressure,,,FALSE,,,http://purl.obolibrary.org/obo/BFO_0000019
http://purl.obolibrary.org/obo/CVDO_0000036,fungal pericarditis,,A pericarditis caused by a fungal infection.,FALSE,,,http://purl.obolibrary.org/obo/CVDO_0000033
http://purl.obolibrary.org/obo/CVDO_0000184,disturbed anterograd blood flow through tricuspid valve during right ventricular diastole,,,FALSE,,,http://purl.obolibrary.org/obo/CVDO_0000183
http://purl.obolibrary.org/obo/DOID_820,DOID_820,,A disease characterized by an inflammation of the myocardium.,FALSE,,,http://purl.obolibrary.org/obo/OGMS_0000031
http://purl.obolibrary.org/obo/DOID_3103,DOID_3103,,,FALSE,,,http://purl.obolibrary.org/obo/CVDO_0000267
http://purl.obolibrary.org/obo/CVDO_0000037,protozoal pericarditis,,,FALSE,,,http://purl.obolibrary.org/obo/CVDO_0000033
http://purl.obolibrary.org/obo/CVDO_0000524,left ventricular systole,,,FALSE,,,http://purl.obolibrary.org/obo/CVDO_0000518
http://purl.obolibrary.org/obo/CVDO_0000507,tricuspid valve narrowed opening during right ventricular diastole,,,FALSE,,,http://purl.obolibrary.org/obo/CVDO_0000503
http://purl.obolibrary.org/obo/CVDO_0000276,infarction,,A necrosis of a tissue caused by a local lack of oxygen. due to an obstruction of the tissue's blood supply.,FALSE,,,http://purl.obolibrary.org/obo/OGMS_0000061
http://purl.obolibrary.org/obo/CVDO_0000293,atherosclerotic coronary heart disease,,A coronary heart disease due to a coronary stenosis.,FALSE,,,http://purl.obolibrary.org/obo/DOID_3393
http://purl.obolibrary.org/obo/CVDO_0000166,mitral valve improper close during left ventricular systole,,,FALSE,,,http://purl.obolibrary.org/obo/CVDO_0000210
http://purl.obolibrary.org/obo/CVDO_0000284,diabetic microangiopathy,,,FALSE,,,http://purl.obolibrary.org/obo/DOID_11713
http://purl.obolibrary.org/obo/CVDO_0000267,vascular disease - unclassified by CVDO,,,FALSE,,,http://purl.obolibrary.org/obo/DOID_178
http://purl.obolibrary.org/obo/CVDO_0000404,inflammation process in a myocardium,,An inflammation process occurring in the myocardium.,FALSE,,,http://purl.obolibrary.org/obo/CVDO_0000403
http://purl.obolibrary.org/obo/CVDO_0000514,heart pathological process involving an aortic valve,,A heart pathological process that has an aortic valve as a participant.,FALSE,,,http://purl.obolibrary.org/obo/OGMS_0000061
http://purl.obolibrary.org/obo/DOID_10230,DOID_10230,,,FALSE,,,
http://purl.obolibrary.org/obo/DOID_8517,DOID_8517,,,FALSE,,,http://purl.obolibrary.org/obo/DOID_8515
http://purl.obolibrary.org/obo/FMA_50720,FMA_50720,,,FALSE,,,
http://purl.obolibrary.org/obo/CVDO_0000033,infectious pericarditis,,A pericarditis caused by an infection.,FALSE,,,http://purl.obolibrary.org/obo/DOID_1787
http://purl.obolibrary.org/obo/CVDO_0000143,premature atrial contraction (disease),,,FALSE,,,http://purl.obolibrary.org/obo/DOID_10273
http://purl.obolibrary.org/obo/DOID_12930,DOID_12930,,"A cardiomyopathy characterized by left ventricular dilatation and left ventricular systolic dysfunction in the absence of abnormal loading conditions (hypertension. valve disease) or coronary heart disease sufficient to cause global systolic impairment.(adapted from Elliott et al.. 2008. European Heart Journal. 29. 270-276)",FALSE,,,http://purl.obolibrary.org/obo/OGMS_0000031
http://purl.obolibrary.org/obo/CVDO_0000520,atrial systole,,,FALSE,,,http://purl.obolibrary.org/obo/CVDO_0000542
http://purl.obolibrary.org/obo/BFO_0000003,occurrent,,,FALSE,,,http://purl.obolibrary.org/obo/BFO_0000001
http://purl.obolibrary.org/obo/DOID_6713,DOID_6713,,,FALSE,,,http://purl.obolibrary.org/obo/CVDO_0000267
http://purl.obolibrary.org/obo/FMA_9869,FMA_9869,,,FALSE,,,
http://purl.obolibrary.org/obo/CVDO_0000538,pulmonary valve prolapse,,A disease characterized by the displacement of a degenerated pulmonary valve leaflet into the right ventricle during diastole.,FALSE,,,http://purl.obolibrary.org/obo/OGMS_0000031
http://purl.obolibrary.org/obo/CVDO_0000294,left ventricular myocardium dilatation,,A pathological process of dilatation of the myocardium of a left cardiac ventricle.,FALSE,,,http://purl.obolibrary.org/obo/CVDO_0000330
http://purl.obolibrary.org/obo/FMA_7110,FMA_7110,,,FALSE,,,
http://purl.obolibrary.org/obo/DOID_2494,DOID_2494,,,FALSE,,,http://purl.obolibrary.org/obo/CVDO_0000267
http://purl.obolibrary.org/obo/DOID_5232,DOID_5232,,A disease characterized by the displacement of a degenerated aortic valve leaflet into the left ventricle during diastole.,FALSE,,,http://purl.obolibrary.org/obo/OGMS_0000031
http://purl.obolibrary.org/obo/FMA_66326,FMA_66326,,,FALSE,,,
http://purl.obolibrary.org/obo/CVDO_0000189,heart valve stenosis,,A disease in which some disorder of a heart valve prevents it from opening properly. occasioning disturbance in the anterograd blood flow through the valve.,FALSE,,,http://purl.obolibrary.org/obo/OGMS_0000031
http://purl.obolibrary.org/obo/CVDO_0000529,right atrial diastole,,,FALSE,,,http://purl.obolibrary.org/obo/CVDO_0000521
http://purl.obolibrary.org/obo/FMA_6266,FMA_6266,,,FALSE,,,
http://purl.obolibrary.org/obo/CVDO_0000298,left atrial flutter (disease),,,FALSE,,,http://purl.obolibrary.org/obo/DOID_10273
http://purl.obolibrary.org/obo/DOID_1754,DOID_1754,,A disease in which some disorder of a mitral valve prevents it from opening properly during left ventricular diastole. occasioning disturbance in the anterograd blood flow through the valve.,FALSE,,,http://purl.obolibrary.org/obo/OGMS_0000031
http://purl.obolibrary.org/obo/CVDO_0000442,premature ventricular contraction (process),,,FALSE,,,http://purl.obolibrary.org/obo/CVDO_0000439
http://purl.obolibrary.org/obo/CVDO_0000552,endocardium disease,,A disease affecting the endocardium.,FALSE,,,http://purl.obolibrary.org/obo/OGMS_0000031
http://purl.obolibrary.org/obo/CVDO_0000082,left bundle branch block (disease),,,FALSE,,,http://purl.obolibrary.org/obo/DOID_10273
http://purl.obolibrary.org/obo/CVDO_0000065,third degree sinoatrial block (disease),,,FALSE,,,http://purl.obolibrary.org/obo/DOID_10273
http://purl.obolibrary.org/obo/CVDO_0000051,impaired right branch of atrioventricular bundle,,,FALSE,,,http://purl.obolibrary.org/obo/CVDO_0000047
http://purl.obolibrary.org/obo/CVDO_0000450,atrioventricular nodal reentrant tachycardia (process),,,FALSE,,,http://purl.obolibrary.org/obo/CVDO_0000308
http://purl.obolibrary.org/obo/BFO_0000142,one-dimensional continuant fiat boundary,,,FALSE,,,http://purl.obolibrary.org/obo/BFO_0000140
http://purl.obolibrary.org/obo/CVDO_0000148,heart valve disorder,,A disorder always located in a heart valve.,FALSE,,,http://purl.obolibrary.org/obo/OGMS_0000045
http://purl.obolibrary.org/obo/CVDO_0000542,heart bodily process,,,FALSE,,,http://purl.obolibrary.org/obo/OGMS_0000060
http://purl.obolibrary.org/obo/CVDO_0000525,right ventricular systole,,,FALSE,,,http://purl.obolibrary.org/obo/CVDO_0000518
http://purl.obolibrary.org/obo/FMA_50722,FMA_50722,,,FALSE,,,
http://purl.obolibrary.org/obo/FMA_7246,FMA_7246,,,FALSE,,,
http://purl.obolibrary.org/obo/CVDO_0000437,persistent atrial fibrillation,,An atrial fibrillation disease that is characterized by an atrial fibrillation episode longer than 7 days which does terminate by cardioversion.,FALSE,,,http://purl.obolibrary.org/obo/CVDO_0000092
http://purl.obolibrary.org/obo/CVDO_0000547,myocardium pathological process,,A pathological process occurring in the myocardium.,FALSE,,,http://purl.obolibrary.org/obo/OGMS_0000061
http://purl.obolibrary.org/obo/FMA_14284,FMA_14284,,,FALSE,,,
http://purl.obolibrary.org/obo/CVDO_0000470,tachycardia-bradycardia syndrome,,A sick sinus syndrome characterized by sinus pauses and/or bradycardia episodes alternating with sinus or atrial tachycardia episodes.,FALSE,,,http://purl.obolibrary.org/obo/DOID_13884
http://purl.obolibrary.org/obo/CVDO_0000323,Mobitz I second degree sinoatrial block (process),,,FALSE,,,http://purl.obolibrary.org/obo/CVDO_0000314
http://purl.obolibrary.org/obo/CVDO_0000299,right atrial flutter (disease),,,FALSE,,,http://purl.obolibrary.org/obo/DOID_10273
http://purl.obolibrary.org/obo/CVDO_0000092,atrial fibrillation (disease),,,FALSE,,,http://purl.obolibrary.org/obo/DOID_10273
http://purl.obolibrary.org/obo/DOID_5805,DOID_5805,,,FALSE,,,http://purl.obolibrary.org/obo/OGMS_0000031
http://purl.obolibrary.org/obo/CVDO_0000562,cardiovascular system disorder,,,FALSE,,,http://purl.obolibrary.org/obo/OGMS_0000045
http://purl.obolibrary.org/obo/FMA_86188,FMA_86188,,,FALSE,,,
http://purl.obolibrary.org/obo/CVDO_0000322,right bundle branch block (process),,,FALSE,,,http://purl.obolibrary.org/obo/CVDO_0000313
http://purl.obolibrary.org/obo/DOID_5453,DOID_5453,,,FALSE,,,http://purl.obolibrary.org/obo/CVDO_0000267
http://purl.obolibrary.org/obo/CVDO_0000570,left ventricular myocardium contraction dysfunctional process,,,FALSE,,,http://purl.obolibrary.org/obo/CVDO_0000571
http://purl.obolibrary.org/obo/CVDO_0000443,sinoatrial arrest (process),sinus pause,,FALSE,,,http://purl.obolibrary.org/obo/CVDO_0000310
http://purl.obolibrary.org/obo/CVDO_0000553,left ventricle disorder,,A disorder always located in the left heart ventricle.,FALSE,,,http://purl.obolibrary.org/obo/OGMS_0000045
http://purl.obolibrary.org/obo/BFO_0000008,temporal region,,,FALSE,,,http://purl.obolibrary.org/obo/BFO_0000003
http://purl.obolibrary.org/obo/DOID_10314,DOID_10314,,A disease characterized by an inflammation of the endocardium.,FALSE,,,http://purl.obolibrary.org/obo/OGMS_0000031
http://purl.obolibrary.org/obo/DOID_9651,DOID_9651,,A congestive heart failure with impaired ejection fraction.,FALSE,,,
http://purl.obolibrary.org/obo/CVDO_0000313,infra-hisian block (process),,,FALSE,,,http://purl.obolibrary.org/obo/CVDO_0000311
http://purl.obolibrary.org/obo/BFO_0000031,generically dependent continuant,,b is a generically dependent continuant = Def. b is a continuant that g-depends_on one or more other entities. (axiom label in BFO2 Reference: [074-001]),FALSE,,,http://purl.obolibrary.org/obo/BFO_0000002
http://purl.obolibrary.org/obo/DOID_13884,DOID_13884,,A heart conduction disease characterized by inappropriate sinus rates (e.g. sinus bradycardia or sinus pause).,FALSE,,,http://purl.obolibrary.org/obo/DOID_10273
http://purl.obolibrary.org/obo/CVDO_0000560,material anatomical entity pathological process,,,FALSE,,,http://purl.obolibrary.org/obo/OGMS_0000061
http://purl.obolibrary.org/obo/CVDO_0000543,genetic dilated cardiomyopathy,,A dilated cardiomyopathy that has a genetic origin.,FALSE,,,http://purl.obolibrary.org/obo/DOID_12930
http://purl.obolibrary.org/obo/DOID_10556,DOID_10556,,,FALSE,,,http://purl.obolibrary.org/obo/CVDO_0000234
http://purl.obolibrary.org/obo/BFO_0000018,zero-dimensional spatial region,,,FALSE,,,http://purl.obolibrary.org/obo/BFO_0000006
http://purl.obolibrary.org/obo/BFO_0000029,site,,,FALSE,,,http://purl.obolibrary.org/obo/BFO_0000141
http://purl.obolibrary.org/obo/DOID_1712,DOID_1712,,A disease in which some disorder of the aortic valve leads prevents it from opening properly during left ventricular systole. occasioning disturbance in the anterograd blood flow through the valve.,FALSE,,,http://purl.obolibrary.org/obo/OGMS_0000031
http://purl.obolibrary.org/obo/DOID_11482,DOID_11482,,,FALSE,,,http://purl.obolibrary.org/obo/OGMS_0000031
http://purl.obolibrary.org/obo/CVDO_0000304,atrioventricular nodal reentrant tachycardia (disease),,,FALSE,,,http://purl.obolibrary.org/obo/DOID_10273
http://purl.obolibrary.org/obo/OGMS_0000031,OGMS_0000031,,In order to obtain the taxonomy of diseases / disorders / pathological process in CVDO. it is necessary to use the reasoner first and to look at the inferred class hierarchy.,FALSE,,,http://purl.obolibrary.org/obo/BFO_0000016
http://purl.obolibrary.org/obo/CVDO_0000455,torsades de pointes (process),,,FALSE,,,http://purl.obolibrary.org/obo/CVDO_0000453
http://purl.obolibrary.org/obo/DOID_397,DOID_397,,A cardiomyopathy (2008) characterized by increased stiffness of the left ventricular myocardium and decreased compliance of the left ventricle (which is restricted from stretching and filling with blood properly). in the absence of dilated cardiomyopathy and hypertrophic cardiomyopathy.,FALSE,,,http://purl.obolibrary.org/obo/OGMS_0000031
http://purl.obolibrary.org/obo/CVDO_0000194,blood pressure,,,FALSE,,,http://purl.obolibrary.org/obo/CVDO_0000193
http://purl.obolibrary.org/obo/CVDO_0000047,heart conduction disorder,,A disorder always loacted in the conducting tissue of the heart.,FALSE,,,http://purl.obolibrary.org/obo/OGMS_0000045
http://purl.obolibrary.org/obo/CVDO_0000064,first degree sinoatrial block (disease),,,FALSE,,,http://purl.obolibrary.org/obo/DOID_10273
http://purl.obolibrary.org/obo/CVDO_0000441,premature junctional contraction (process),,,FALSE,,,http://purl.obolibrary.org/obo/CVDO_0000439
http://purl.obolibrary.org/obo/CVDO_0000424,degenerated structure in a pulmonary valve leaflet,,A disorder of degenerated structure in a pulmonary valve leaflet.,FALSE,,,http://purl.obolibrary.org/obo/CVDO_0000420
http://purl.obolibrary.org/obo/CVDO_0000534,heart conduction pathological process,,,FALSE,,,http://purl.obolibrary.org/obo/OGMS_0000061
http://purl.obolibrary.org/obo/CVDO_0000551,endocardium thickening,,A pathological process of thickening of the endocardium.,FALSE,,,http://purl.obolibrary.org/obo/OGMS_0000061
http://purl.obolibrary.org/obo/DOID_61,DOID_61,,A disease affecting the mitral valve of the heart.,FALSE,,,http://purl.obolibrary.org/obo/OGMS_0000031
http://purl.obolibrary.org/obo/BFO_0000019,quality,,,FALSE,,,http://purl.obolibrary.org/obo/BFO_0000020
http://purl.obolibrary.org/obo/CVDO_0000475,sinus bradycardia (disease),,,FALSE,,,http://purl.obolibrary.org/obo/DOID_10273
http://purl.obolibrary.org/obo/FMA_86044,FMA_86044,,,FALSE,,,
http://purl.obolibrary.org/obo/FMA_49879,FMA_49879,,,FALSE,,,
http://purl.obolibrary.org/obo/CVDO_0000571,myocardium contraction dysfunctional process,,,FALSE,,,http://purl.obolibrary.org/obo/OGMS_0000061
http://purl.obolibrary.org/obo/CVDO_0000331,ventricular myocardium hypertrophy,,A pathological process of hypertrophy of the myocardium of a cardiac ventricle.,FALSE,,,http://purl.obolibrary.org/obo/OGMS_0000061
http://purl.obolibrary.org/obo/CVDO_0000314,sinoatrial block (process),,,FALSE,,,http://purl.obolibrary.org/obo/CVDO_0000311
http://purl.obolibrary.org/obo/DOID_12010,DOID_12010,,,FALSE,,,http://purl.obolibrary.org/obo/CVDO_0000231
http://purl.obolibrary.org/obo/CVDO_0000448,right atrial flutter (process),,,FALSE,,,http://purl.obolibrary.org/obo/CVDO_0000306
http://purl.obolibrary.org/obo/CVDO_0000575,left ventricle pathological process,,,FALSE,,,http://purl.obolibrary.org/obo/OGMS_0000061
http://purl.obolibrary.org/obo/CVDO_0000558,ischemic cardiomyopathy,,An ischemic heart disease leading to a dilatation and dysfunction of the left ventricle.,FALSE,,,http://purl.obolibrary.org/obo/DOID_3394
http://purl.obolibrary.org/obo/CVDO_0000318,third degree atrioventricular block (process),,,FALSE,,,http://purl.obolibrary.org/obo/CVDO_0000312
http://purl.obolibrary.org/obo/FMA_50763,FMA_50763,,,FALSE,,,
http://purl.obolibrary.org/obo/DOID_6712,DOID_6712,,,FALSE,,,http://purl.obolibrary.org/obo/DOID_325
http://purl.obolibrary.org/obo/CVDO_0000088,cardiac arrhythmia (disease),,A heart conduction disease characterized by cardiac arrhythmia processes.,FALSE,,,http://purl.obolibrary.org/obo/DOID_10273
http://purl.obolibrary.org/obo/CVDO_0000548,aorta pathological process,,A pathological process involving or occuring in the aorta.,FALSE,,,http://purl.obolibrary.org/obo/OGMS_0000061
http://purl.obolibrary.org/obo/DOID_4562,DOID_4562,,A bacterial endocarditis characterized by a slow process of infection.,FALSE,,,http://purl.obolibrary.org/obo/CVDO_0000010
http://purl.obolibrary.org/obo/DOID_4080,DOID_4080,,A disease in which an abnormal structure in a mitral valve prevents it to close propertly during systole. occasioning a retrograd blood flow through the valve.,FALSE,,,http://purl.obolibrary.org/obo/OGMS_0000031
http://purl.obolibrary.org/obo/CVDO_0000456,ventricular flutter (process),,,FALSE,,,http://purl.obolibrary.org/obo/CVDO_0000453
http://purl.obolibrary.org/obo/CVDO_0000439,premature contraction (process),,,FALSE,,,http://purl.obolibrary.org/obo/CVDO_0000310
http://purl.obolibrary.org/obo/BFO_0000182,history,,,FALSE,,,http://purl.obolibrary.org/obo/BFO_0000015
http://purl.obolibrary.org/obo/CVDO_0000309,premature atrial contraction (process),,,FALSE,,,http://purl.obolibrary.org/obo/CVDO_0000439
http://purl.obolibrary.org/obo/DOID_471,DOID_471,,,FALSE,,,http://purl.obolibrary.org/obo/DOID_255
http://purl.obolibrary.org/obo/DOID_0050650,familial atrial fibrillation,,An atrial fibrillation disease that has a genetic origin.,FALSE,,,http://purl.obolibrary.org/obo/CVDO_0000092
http://purl.obolibrary.org/obo/FMA_14333,FMA_14333,,,FALSE,,,
http://purl.obolibrary.org/obo/DOID_13241,DOID_13241,,,FALSE,,,http://purl.obolibrary.org/obo/CVDO_0000267
http://purl.obolibrary.org/obo/DOID_6432,DOID_6432,,,FALSE,,,
http://purl.obolibrary.org/obo/CVDO_0000556,heart ischemia,,An ischemia of the heart.,FALSE,,,http://purl.obolibrary.org/obo/DOID_326
http://purl.obolibrary.org/obo/CVDO_0000539,impaired anterior division of left branch of atrioventricular bundle,,,FALSE,,,http://purl.obolibrary.org/obo/CVDO_0000047
http://purl.obolibrary.org/obo/CVDO_0000332,left ventricular myocardium hypertrophy,,A pathological process of hypertrophy of the myocardium of a left cardiac ventricle.,FALSE,,,http://purl.obolibrary.org/obo/CVDO_0000331
http://purl.obolibrary.org/obo/DOID_112,DOID_112,,,FALSE,,,http://purl.obolibrary.org/obo/CVDO_0000214
http://purl.obolibrary.org/obo/DOID_11695,DOID_11695,,A thrombosis that occurs in a portal vein.,FALSE,,,http://purl.obolibrary.org/obo/CVDO_0000217
http://purl.obolibrary.org/obo/OGMS_0000060,OGMS_0000060,,,FALSE,,,http://purl.obolibrary.org/obo/BFO_0000015
http://purl.obolibrary.org/obo/BFO_0000147,zero-dimensional continuant fiat boundary,,,FALSE,,,http://purl.obolibrary.org/obo/BFO_0000140
http://purl.obolibrary.org/obo/DOID_272,DOID_272,,,FALSE,,,http://purl.obolibrary.org/obo/CVDO_0000267
http://purl.obolibrary.org/obo/CVDO_0000466,impaired sinus node,,,FALSE,,,http://purl.obolibrary.org/obo/CVDO_0000047
http://purl.obolibrary.org/obo/CVDO_0000576,right ventricle pathological process,,A pathological process occurring in the right heart ventricle.,FALSE,,,http://purl.obolibrary.org/obo/OGMS_0000061
http://purl.obolibrary.org/obo/CVDO_0000319,left anterior fascicular block (process),,,FALSE,,,http://purl.obolibrary.org/obo/CVDO_0000313
http://purl.obolibrary.org/obo/DOID_4193,DOID_4193,,A thrombosis occurring in the brain.,FALSE,,,http://purl.obolibrary.org/obo/CVDO_0000217
http://purl.obolibrary.org/obo/CVDO_0000209,heart valve insufficiency,,A disease in which an abnormal structure in a heart valve prevents it to close propertly. occasioning a retrograd blood flow through the valve.,FALSE,,,http://purl.obolibrary.org/obo/OGMS_0000031
http://purl.obolibrary.org/obo/CVDO_0000226,aneurysm (disorder),,A disorder of localized. blood-filled balloon-like bulge in the wall of a blood vessel.,FALSE,,,http://purl.obolibrary.org/obo/OGMS_0000045
http://purl.obolibrary.org/obo/CVDO_0000474,genetic cardiac channelopathy,,A cardiac channelopathy that has a genetic origin.,FALSE,,,http://purl.obolibrary.org/obo/CVDO_0000472
http://purl.obolibrary.org/obo/CVDO_0000457,inappropriate sinus tachycardia (process),,,FALSE,,,http://purl.obolibrary.org/obo/CVDO_0000445
http://purl.obolibrary.org/obo/FMA_18883,FMA_18883,,,FALSE,,,
http://purl.obolibrary.org/obo/CVDO_0000567,valvular cardiomyopathy,,An aortic valve stenosis leading to a hypertrophy or dilatation of the left ventricle and its dysfunction.,FALSE,,,http://purl.obolibrary.org/obo/OGMS_0000031
http://purl.obolibrary.org/obo/CVDO_0000584,right ventricular myocardium contraction dysfunctional process,,,FALSE,,,http://purl.obolibrary.org/obo/CVDO_0000571
http://purl.obolibrary.org/obo/CVDO_0000217,thrombosis,,A pathological process of formation of a blood clot inside a blood vessel. obstructing the flow of blood.,FALSE,,,http://purl.obolibrary.org/obo/OGMS_0000061
http://purl.obolibrary.org/obo/CVDO_0000327,coronary artery disorder,,A disorder always located in a coronary artery.,FALSE,,,http://purl.obolibrary.org/obo/OGMS_0000045
http://purl.obolibrary.org/obo/CVDO_0000010,bacterial endocarditis,,An endocarditis caused by bacterial infection.,FALSE,,,http://purl.obolibrary.org/obo/DOID_0060000
http://purl.obolibrary.org/obo/CVDO_0000549,aorta disorder,,A disorder always located in the aorta.,FALSE,,,http://purl.obolibrary.org/obo/OGMS_0000045
http://purl.obolibrary.org/obo/OGMS_0000047,OGMS_0000047,,,FALSE,,,
http://purl.obolibrary.org/obo/OGMS_0000064,OGMS_0000064,,,FALSE,,,
http://purl.obolibrary.org/obo/CVDO_0000447,left atrial flutter (process),,,FALSE,,,http://purl.obolibrary.org/obo/CVDO_0000306
http://purl.obolibrary.org/obo/CVDO_0000557,vein pathological process,,,FALSE,,,http://purl.obolibrary.org/obo/OGMS_0000061
http://purl.obolibrary.org/obo/CVDO_0000240,aneurysm rupture,,A pathological process of an aneurysm rupturing.,FALSE,,,http://purl.obolibrary.org/obo/OGMS_0000061
http://purl.obolibrary.org/obo/CVDO_0000223,artery hardening,,A pathological process of an artery hardening.,FALSE,,,http://purl.obolibrary.org/obo/OGMS_0000061
http://purl.obolibrary.org/obo/CVDO_0000333,right ventricular myocardium hypertrophy,,A pathological process of hypertrophy of the myocardium of a right cardiac ventricle.,FALSE,,,http://purl.obolibrary.org/obo/CVDO_0000331
http://purl.obolibrary.org/obo/DOID_9477,DOID_9477,,An embolism that occurs in a pulmonary artery.,FALSE,,,http://purl.obolibrary.org/obo/CVDO_0000225
http://purl.obolibrary.org/obo/DOID_11847,DOID_11847,,A thrombosis occuring in a coronary artery.,FALSE,,,http://purl.obolibrary.org/obo/CVDO_0000217
http://purl.obolibrary.org/obo/BFO_0000020,specifically dependent continuant,,b is a specifically dependent continuant = Def. b is a continuant & there is some independent continuant c which is not a spatial region and which is such that b s-depends_on c at every time t during the course of bâ€™s existence. (axiom label in BFO2 Reference: [050-003]),FALSE,,,http://purl.obolibrary.org/obo/BFO_0000002
http://purl.obolibrary.org/obo/BFO_0000009,two-dimensional spatial region,,,FALSE,,,http://purl.obolibrary.org/obo/BFO_0000006
http://purl.obolibrary.org/obo/DOID_14265,DOID_14265,,A disease in which an abnormal structure in a pulmonary valve prevents it to close propertly during diastole. occasioning a retrograd blood flow through the valve.,FALSE,,,http://purl.obolibrary.org/obo/OGMS_0000031
http://purl.obolibrary.org/obo/CVDO_0000580,heart ventricle disease,,A disease affecting a heart ventricle.,FALSE,,,http://purl.obolibrary.org/obo/OGMS_0000031
http://purl.obolibrary.org/obo/OGMS_0000045,OGMS_0000045,,,FALSE,,,http://purl.obolibrary.org/obo/BFO_0000040
http://purl.obolibrary.org/obo/DOID_2403,DOID_2403,,A disposition that an aneurysm disorder will lead to pathological processes.,FALSE,,,http://purl.obolibrary.org/obo/OGMS_0000031
http://purl.obolibrary.org/obo/CVDO_0000231,ischemic disease,,,FALSE,,,http://purl.obolibrary.org/obo/OGMS_0000031
http://purl.obolibrary.org/obo/CVDO_0000214,vein disorder,,A disorder always located in a vein.,FALSE,,,http://purl.obolibrary.org/obo/OGMS_0000045
http://purl.obolibrary.org/obo/CVDO_0000324,Mobitz II second degree sinoatrial block (process),,,FALSE,,,http://purl.obolibrary.org/obo/CVDO_0000314
http://purl.obolibrary.org/obo/DOID_3394,DOID_3394,,A disease characterized by reduced blood supply to the heart. occasioning pathological processes in the heart.,FALSE,,,http://purl.obolibrary.org/obo/OGMS_0000031
http://purl.obolibrary.org/obo/CVDO_0000093,atrial fibrillation (process),,,FALSE,,,http://purl.obolibrary.org/obo/CVDO_0000111
http://purl.obolibrary.org/obo/OGMS_0000065,OGMS_0000065,,,FALSE,,,
http://purl.obolibrary.org/obo/CVDO_0000011,viral endocarditis,,An endocarditis caused by viral infection.,FALSE,,,http://purl.obolibrary.org/obo/DOID_0060000
http://purl.obolibrary.org/obo/CVDO_0000097,common atrial flutter (disease),cavotricuspid isthmus dependant macroreentry tachycardia|type I atrial flutter,,FALSE,,,http://purl.obolibrary.org/obo/DOID_10273
http://purl.obolibrary.org/obo/DOID_3410,DOID_3410,,A thrombosis occurring in a carotid artery.,FALSE,,,
http://purl.obolibrary.org/obo/CVDO_0000479,sinoatrial arrest (disease),,,FALSE,,,http://purl.obolibrary.org/obo/DOID_10273
http://purl.obolibrary.org/obo/CVDO_0000589,tricuspid valve pathological process,,A pathological process occurring in a tricuspid valve.,FALSE,,,http://purl.obolibrary.org/obo/OGMS_0000061
http://purl.obolibrary.org/obo/CVDO_0000162,tricuspid valve leaflet displacement into the right atrium during right ventricular systole,,,FALSE,,,http://purl.obolibrary.org/obo/CVDO_0000530
http://purl.obolibrary.org/obo/CVDO_0000255,left ventricular noncompaction,noncompaction cardiomyopathy,"""A cardiomyopathy characterized by prominent left ventricular trabeculae and deep inter-trabecular recesses. The myocardial wall is often thickened with a thin. compacted epicardial layer and a thickened endocardial layer."" (Elliott et al.. 2008)",FALSE,,,http://purl.obolibrary.org/obo/CVDO_0000569
http://purl.obolibrary.org/obo/FMA_7095,FMA_7095,,,FALSE,,,
http://purl.obolibrary.org/obo/DOID_0060068,non-bacterial thrombotic endocarditis,marantic endocarditis,,FALSE,,,
http://purl.obolibrary.org/obo/DOID_988,DOID_988,,A disease characterized by the displacement of a degenerated mitral valve leaflet into the left atrium during systole.,FALSE,,,http://purl.obolibrary.org/obo/OGMS_0000031
http://purl.obolibrary.org/obo/DOID_9428,DOID_9428,,,FALSE,,,http://purl.obolibrary.org/obo/DOID_10763
http://purl.obolibrary.org/obo/CVDO_0000111,supraventricular tachycardia (process),,,FALSE,,,http://purl.obolibrary.org/obo/CVDO_0000445
http://purl.obolibrary.org/obo/FMA_7236,FMA_7236,,,FALSE,,,
http://purl.obolibrary.org/obo/DOID_3455,DOID_3455,,A pathological process of disturbance in the blood supply to the brain. causing a loss of brain function.,FALSE,,,http://purl.obolibrary.org/obo/OGMS_0000061
http://purl.obolibrary.org/obo/CVDO_0000585,myocardium of left ventricle stiffening,,,FALSE,,,http://purl.obolibrary.org/obo/OGMS_0000061
http://purl.obolibrary.org/obo/DOID_10392,DOID_10392,,,FALSE,,,http://purl.obolibrary.org/obo/DOID_10273
http://purl.obolibrary.org/obo/BFO_0000148,zero-dimensional temporal region,,,FALSE,,,http://purl.obolibrary.org/obo/BFO_0000008
http://purl.obolibrary.org/obo/FMA_86187,FMA_86187,,,FALSE,,,
http://purl.obolibrary.org/obo/DOID_255,DOID_255,,,FALSE,,,http://purl.obolibrary.org/obo/CVDO_0000267
http://purl.obolibrary.org/obo/CVDO_0000493,premature contraction (disease),,,FALSE,,,http://purl.obolibrary.org/obo/DOID_10273
http://purl.obolibrary.org/obo/CVDO_0000012,fungal endocarditis,,An endocarditis caused by fungal infection.,FALSE,,,http://purl.obolibrary.org/obo/DOID_0060000
http://purl.obolibrary.org/obo/DOID_682,DOID_682,,,FALSE,,,http://purl.obolibrary.org/obo/CVDO_0000231
http://purl.obolibrary.org/obo/CVDO_0000497,cardiac chamber pathological process,,A pathological process occurring in a cardiac chamber.,FALSE,,,http://purl.obolibrary.org/obo/OGMS_0000061
http://purl.obolibrary.org/obo/DOID_11312,Mobitz II second degree atrioventricular block (disease),,,FALSE,,,http://purl.obolibrary.org/obo/DOID_10273
http://purl.obolibrary.org/obo/CVDO_0000163,aortic valve leaflet displacement into the left ventricle during left ventricular diastole,,,FALSE,,,http://purl.obolibrary.org/obo/CVDO_0000530
http://purl.obolibrary.org/obo/CVDO_0000273,cardiac atrium pathological process,,A pathological process occuring in a cardiac atrium.,FALSE,,,http://purl.obolibrary.org/obo/OGMS_0000061
http://purl.obolibrary.org/obo/CVDO_0000016,vascular disorder,,A disorder always located in a blood vessel.,FALSE,,,http://purl.obolibrary.org/obo/OGMS_0000045
http://purl.obolibrary.org/obo/CVDO_0000503,heart valve improper opening,,A pathological process of a heart valve improper opening.,FALSE,,,http://purl.obolibrary.org/obo/OGMS_0000061
http://purl.obolibrary.org/obo/DOID_865,DOID_865,,A disease characterized by an inflammation of a blood vessel.,FALSE,,,http://purl.obolibrary.org/obo/OGMS_0000031
http://purl.obolibrary.org/obo/CVDO_0000171,tricuspid valve improper close during right ventricular systole,,,FALSE,,,http://purl.obolibrary.org/obo/CVDO_0000210
http://purl.obolibrary.org/obo/OGMS_0000078,OGMS_0000078,,,FALSE,,,http://purl.obolibrary.org/obo/BFO_0000040
http://purl.obolibrary.org/obo/CVDO_0000254,Tako Tsubo cardiomyopathy,,A cardiomyopathy whose etiological process includes a stressful or emotional situation. characterized by transient ventricular apical wall motion abnormalities (ballooning).,FALSE,,,http://purl.obolibrary.org/obo/DOID_0050700
http://purl.obolibrary.org/obo/CVDO_0000140,bradycardia (process),,,FALSE,,,http://purl.obolibrary.org/obo/CVDO_0000310
http://purl.obolibrary.org/obo/DOID_11502,DOID_11502,,A disease in which an abnormal structure in a mitral valve prevents it to close propertly during systole. occasioning a retrograd blood flow through the valve.,FALSE,,,http://purl.obolibrary.org/obo/OGMS_0000031
http://purl.obolibrary.org/obo/DOID_3875,DOID_3875,,,FALSE,,,http://purl.obolibrary.org/obo/OGMS_0000031
http://purl.obolibrary.org/obo/DOID_3393,DOID_3393,,An ischemic heart disease with narrowing of the coronary arteries.,FALSE,,,http://purl.obolibrary.org/obo/DOID_3394
http://purl.obolibrary.org/obo/FMA_7100,FMA_7100,,,FALSE,,,
http://purl.obolibrary.org/obo/CVDO_0000484,ventricular flutter (disease),,,FALSE,,,http://purl.obolibrary.org/obo/DOID_10273
http://purl.obolibrary.org/obo/DOID_2388,DOID_2388,,,FALSE,,,http://purl.obolibrary.org/obo/CVDO_0000267
http://purl.obolibrary.org/obo/CVDO_0000020,endocardium disorder,,A disorder always located in the endocardium.,FALSE,,,http://purl.obolibrary.org/obo/OGMS_0000045
http://purl.obolibrary.org/obo/FMA_7101,FMA_7101,,,FALSE,,,
http://purl.obolibrary.org/obo/BFO_0000011,spatiotemporal region,,,FALSE,,,http://purl.obolibrary.org/obo/BFO_0000003
http://purl.obolibrary.org/obo/CVDO_0000600,coronary artery smooth muscle constriction,,,FALSE,,,http://purl.obolibrary.org/obo/OGMS_0000061
http://purl.obolibrary.org/obo/DOID_0050431,DOID_0050431,,A cardiomyopathy characterized by adipose and fibrosis infiltration in the right ventricular myocardium. It is caused by genetic defects of desmosomes (which are parts of the myocardium) and may result in arrhythmia.,FALSE,,,http://purl.obolibrary.org/obo/OGMS_0000031
http://purl.obolibrary.org/obo/DOID_866,DOID_866,,,FALSE,,,http://purl.obolibrary.org/obo/OGMS_0000031
http://purl.obolibrary.org/obo/DOID_3951,DOID_3951,,A myocarditis with an acute disease course.,FALSE,,,http://purl.obolibrary.org/obo/DOID_820
mbilpjm1,test,,,,,,http://purl.obolibrary.org/obo/BFO_0000020
